,Individual,NumRaces
0,Jacqueleen Albanese,9
109,Patrick McCabe,8
37,Darrel LASELL,8
36,Cheryl Lasell,8
56,Colin Smith,8
64,Chris Wolfe,8
65,Sean Wolfe,8
1,David Bardach,8
19,Cindy Glueck,8
20,David Glueck,8
154,Jimmy Wu,8
4,Shani Bardach,8
39,Sean Meissner,7
85,Katie Edwards,7
67,Kimberly Allen,7
54,Alistair Smith,7
53,Kristina Siladi,7
62,Michael Vecchiarelli,7
63,Jim Westrich,7
3,Raphael Bardach,7
138,Helene Sisti,7
2,Jesse Bardach,7
13,Kristen Esty,7
43,John Murphy,7
48,Stephanie Papas,6
51,Victoria Pomeroy,6
59,Ramsey Steiner,6
50,John Pomeroy,6
126,Desislava Pomeroy,6
122,Marie Parizo,6
68,Pedro Alvarez,6
70,Eran Assaf,6
146,Sarah Swanson,6
41,Raeka Mikecz,6
145,Carey Stillman,6
90,Jennifer Fullerton,6
104,Nicole Losavio,6
114,Charles Morgan,6
118,palaniappan nagappan,6
151,John Valentine,6
79,Dan Collison,6
40,Nayra Mikecz,6
30,Tracy Hazen,6
16,katie faris,6
33,Chizuko Horiuchi,6
42,Susan Mikecz,5
34,Yusaku Horiuchi,5
60,Charles Trichtinger,5
44,Julia Neily,5
73,Richard Brittain,4
15,Jason Faris,4
132,Jesse Rodimon,4
94,Shane Greene,4
130,Laurie Reed,4
66,Misha Advena,4
106,CRAIG MANNING,4
135,Ryan Scelza,4
22,Betsy Gonnerman,4
105,Todd MacKenzie,4
88,Erin Flynn,4
113,Tom Moore,4
32,Michael Herron,4
10,Geoff Dunbar,4
14,Dylan Faris,4
117,John Murphy IV,4
110,Kaitlin McGowan,3
136,Sherry Sidney,3
137,Melinda Siranian,3
9,Gunner Currier,3
93,Mike Giberti,3
95,Jeff Hafner,3
98,Lori Bliss Hill,3
101,Robert Jones,3
72,Katie Barclay,3
102,Patrick Keane,3
23,Michael Gonnerman,3
17,Megan Faris,3
147,Hannah Taska,3
61,Lindsay Trichtinger,3
116,Jody Murphy,2
131,Paqua Render,2
115,Robyn Mosher,2
97,Andrew Heilmann,2
119,Amy Olson,2
112,Pam Moore,2
129,Jeff Reed,2
92,Thomas Gessner,2
121,Lauren Pallet,2
128,Ginny Reed,2
82,Denise Dabramo,2
11,Nancy Dunbar,2
155,Sarah Young,2
55,Charlotte Smith,2
31,Melissa Herman,2
49,Scott Pauw,2
24,gabe grout,2
71,Bruce Atwood,2
74,William Brown,2
58,Amy Spencer,2
156,William Young,2
140,Donna Smyers,2
139,Timothy Smith,2
81,Sarah craig,2
38,Simon Long,2
18,William Finger,2
127,Niels Poulsen,1
125,Jessica Pollack,1
153,Simone Whitecloud,1
152,Dirk Vandewalle,1
5,Yuki Burnett,1
134,Sally Scanlon,1
6,Barbara Callaway,1
150,Jane Tully,1
149,Lydia Tucker,1
133,John Saroyan,1
7,Kristen Coats,1
8,Lisa Colgan,1
144,Kathleen Stewart,1
143,Amy Stansfield,1
142,Rebecca Stanfield McCown,1
141,Jennifer Spanier,1
124,Jessica Pecora,1
148,Addison Thomas,1
99,Liba Hladik,1
123,alyssa pearl,1
28,Matthew hayden,1
76,Charlie Buttrey,1
75,Jim Burnett,1
69,Shyann Arpaia,1
25,Kari Grua,1
26,Kevin Hartstein,1
27,Ava Hayden,1
29,Thomas Hayden,1
120,JOANNE OMEARA,1
57,Evelyn Smith,1
52,Beth Prescott,1
35,Ian Kiefer,1
47,Keri Niles,1
46,Leah Nicholson,1
45,madison neily,1
77,Kristie Carroll,1
78,emily cohen,1
21,Sarah Glueck,1
80,Rita Coppola,1
83,Matt Delmont,1
84,Dorcas DenHartog,1
86,Colleen Ericson,1
87,Erik Ferguson,1
89,Jen Frost,1
91,stacy Geller,1
96,Hilda Hardy,1
100,Eric James,1
103,Payton Killeen,1
107,Michele Maxson,1
108,Sarah McBride,1
111,Rebecca McKinnon,1
12,Amos Esty,1
157,Jenna Zaldonis,1
